1, 99.9, Patty Failla 
2, 99.9, Pauline Sciascia 
3, 99.8, Pia Gund 
4, 99.8, Shaun Havard 
5, 99.7, Marcia Yager 
6, 99.6, Linda Hardy 
7, 99.6, Karen Miller 
8, 99.5, Elizabeth Cole 
9, 99.4, Lee Monk 
10, 99.4, Paula Moore 
11, 99.3, Carol Lynn Thistle
12, 99.3, April Kitagawa 
13, 99.2, Lisa Long 
14, 99.1, Julie Holt 
15, 99.1, Mary Schwing 
16, 99.0, Karin Gogolsky 
17, 99.0, Gail Cartwright 
18, 98.9, Martha Redinger 
19, 98.8, Jen Stagg 
20, 98.8, Rhonda Dessert 
21, 98.7, Marilou Seiff 
22, 98.7, Page Lockhart 
23, 98.6, Katherine Stojkovic 
24, 98.5, Silvana Volpe 
25, 98.5, Dolores Jones 
26, 98.4, Dava Jensen 
27, 98.3, Marilyn Wuest 
28, 98.3, Priscilla Solloway 
29, 98.2, Trish Harrison 
30, 98.2, Kathy Upton 
31, 98.1, Regina Auletta 
32, 98.0, Cathy Teel 
33, 98.0, Terry Carey 
34, 97.9, Sharon Johnston 
35, 97.9, Sharon Wulbrecht 
36, 97.8, Anne Eisenmenger 
37, 97.7, Barb Gregalis 
38, 97.7, Kathy Miller 
39, 97.6, Joke Dikhoff 
40, 97.5, Nannie Putters 
41, 97.5, BETTY-LOU MANCUSO 
42, 97.4, Anne Namba 
43, 97.4, Susan Rathbun 
44, 97.3, Luciana Marchi 
45, 97.2, Pat Wynne 
46, 97.2, Renee Hoover 
47, 97.1, Sue Taylor 
48, 97.1, karen wattier 
49, 97.0, Anita Richardson 
50, 96.9, Janice Gordon 
51, 96.9, Vicki Good 
52, 96.8, Lee Anne Underwood
53, 96.8, Sandy Heelan 
54, 96.7, Ronda Cope-Woodard 
55, 96.6, Ann Goodwin 
56, 96.6, Joan Setniker 
57, 96.5, Debbie Tully 
58, 96.4, Betty Hardin 
59, 96.4, Deb Mazzullo 
60, 96.3, Jackie Nolan 
61, 96.3, Menna Morgan 
62, 96.2, Sharon Thielmann 
63, 96.1, Maryln Kaufman 
64, 96.1, Alice Phinney 
65, 96.0, Rosanne McCarthy 
66, 96.0, Avril Frankenfeld 
67, 95.9, Pamela Jackson 
68, 95.8, Merilyn Douglass 
69, 95.8, Patti DeNichols 
70, 95.7, Janice Piro 
71, 95.6, Libby Ross 
72, 95.6, Karen Kelly 
73, 95.5, Margaret Hanson 
74, 95.5, Patty Holbrook 
75, 95.4, Robyn Sadler 
76, 95.3, Therese Fulle 
77, 95.3, Denese Billings 
78, 95.2, Marcia Walker 
79, 95.2, Kathy Dotson 
80, 95.1, Colleen Sherman 
81, 95.0, Midge Shull 
82, 95.0, Karen Ward 
83, 94.9, Caren Cahill 
84, 94.9, Sharon Hopper 
85, 94.8, Patty Bauer 
86, 94.7, Kay Ellison 
87, 94.7, Sue Carter 
88, 94.6, Margaret Preston 
89, 94.5, Nancy Steen 
90, 94.5, Karla Look 
91, 94.4, Jill Cavilia 
92, 94.4, Karyn Marshall 
93, 94.3, Janey Bills 
94, 94.2, Polly McKinstry 
95, 94.2, Gina Kusao 
96, 94.1, Ina Koolhaas Revers
97, 94.1, Consuelo Cruz 
98, 94.0, Kim Rydel 
99, 93.9, Marjorie Taglieri 
100, 93.9, Catherine Madden 
101, 93.8, Becca Hartley 
102, 93.8, Lesley Procter 
103, 93.7, Suzanne Dobbs 
104, 93.6, Marie Agn\u00e8s Abou
105, 93.6, Shanda Guard 
106, 93.5, Mary Alice Foote
107, 93.4, Cheryl Lawson 
108, 93.4, Tina Mihalakis 
109, 93.3, Carol Biehl Love
110, 93.3, Eileen Mitchell 
111, 93.2, Katy Otsuji 
112, 93.1, Cindy Yager 
113, 93.1, Lisa Kriedel 
114, 93.0, Isabel Maddigan 
115, 93.0, Orit Keren 
116, 92.9, Jamie Graham 
117, 92.8, Diane Milowicki 
118, 92.8, Ellen Weigl 
119, 92.7, Ruth Fox 
120, 92.6, Cindy Allen 
121, 92.6, Sheila Shiu 
122, 92.5, Denise Muegge 
123, 92.5, Mary Anderson 
124, 92.4, Marilyn Breaux 
125, 92.3, Marlaine Robinson 
126, 92.3, Robyn Jenkins 
127, 92.2, Debi White 
128, 92.2, donna walters 
129, 92.1, Marcia Miller 
130, 92.0, Gail Silver 
131, 92.0, Lynn Adamson 
132, 91.9, Elizabeth Ramsey 
133, 91.9, Maureen Martin 
134, 91.8, Nancy Walker 
135, 91.7, Saadia Popelnik 
136, 91.7, Suz Umstatter 
137, 91.6, Diane Tortora 
138, 91.5, Maureen Sienkiewicz 
139, 91.5, Lori Bihler 
140, 91.4, KAREN HAYES 
141, 91.4, Patricia Worcester 
142, 91.3, Brenda Coukell 
143, 91.2, Gun Salomonsson 
144, 91.2, Sue Tietz 
145, 91.1, Dianne Carter 
146, 91.1, Denise Kuhr 
147, 91.0, Lisa Gebhardt 
148, 90.9, Rhonda Pierce 
149, 90.9, Malinda French 
150, 90.8, Lisa West-Smith 
151, 90.7, Mary Green 
152, 90.7, Ruthie Osa 
153, 90.6, Kimberly Foiles 
154, 90.6, susan Walter 
155, 90.5, Junko Matsuzaki 
156, 90.4, Melody Mazzocchi 
157, 90.4, Cynthia Hagan 
158, 90.3, Bj Namba 
159, 90.3, Laura Traver 
160, 90.2, Patti Bridges 
161, 90.1, Vickie Liptak 
162, 90.1, Joanne Kiel 
163, 90.0, Kimberly Ziegler 
164, 90.0, Karen King 
165, 89.9, Jean Graham 
166, 89.8, Elyse Shaw 
167, 89.8, Regina Nau 
168, 89.7, Heidi Terrill 
169, 89.6, Susan Wallis 
170, 89.6, Abbe Stampone 
171, 89.5, Kerry Mullin 
172, 89.5, Ramona Reeves 
173, 89.4, Denise Ristow 
174, 89.3, Jayne Yemma 
175, 89.3, Sandy Lumbatis 
176, 89.2, JoJo Wadleigh 
177, 89.2, Cindy Ewing 
178, 89.1, Robin Borthwick 
179, 89.0, Nancy Camara 
180, 89.0, susan weiss 
181, 88.9, Denise Russom 
182, 88.8, Trish Emerson 
183, 88.8, Kay Lynn 
184, 88.7, Judith Pulera 
185, 88.7, Manon Trudel 
186, 88.6, Susan Cox 
187, 88.5, Nicole Katona Giguere
188, 88.5, Cathy Taylor 
189, 88.4, Sheila Morris 
190, 88.4, Leanne Horrocks 
191, 88.3, Lisa Hanna 
192, 88.2, Deb Davis 
193, 88.2, Adrienne Macpherson 
194, 88.1, Cindy Cobb 
195, 88.1, Cristin Fair 
196, 88.0, Lisa Hardy 
197, 87.9, Via Enneking 
198, 87.9, Rose James 
199, 87.8, Joani Kieninger 
200, 87.7, Diane Schairer 
201, 87.7, Judy Wagner 
202, 87.6, Laura Nunno 
203, 87.6, Gayle Dickehut 
204, 87.5, Debbie Blair 
205, 87.4, Sixta Ortiz 
206, 87.4, Joan Oliver 
207, 87.3, Linda Karl 
208, 87.3, Anna Bonacci 
209, 87.2, Wendy Artso 
210, 87.1, Nancy D'Alonzo 
211, 87.1, Lydia Lytle 
212, 87.0, Jody Freedlund 
213, 86.9, Diane Kavrell 
214, 86.9, Pam Salazar 
215, 86.8, Susan Lightstone 
216, 86.8, Maureen Farrell 
217, 86.7, Irmgard Reiter 
218, 86.6, Lynn Ham Young
219, 86.6, Lori Sinchok 
220, 86.5, Linda McClain 
221, 86.5, Donna Maletich 
222, 86.4, Wendy Rundberg 
223, 86.3, Dj Myatt 
224, 86.3, Iris Hale 
225, 86.2, Pamela Littrell 
226, 86.2, Joanne Comeau 
227, 86.1, Chris Cruz 
228, 86.0, Patty Aispuro 
229, 86.0, Pamela Collen 
230, 85.9, Devonne Ford 
231, 85.8, Mary Sotelo 
232, 85.8, Annette Lindberg 
233, 85.7, Nermond Marie line
234, 85.7, Lorraine Poletini 
235, 85.6, Carol Stroup 
236, 85.5, Gislaine Castro 
237, 85.5, Valerie Foldvary 
238, 85.4, Dyan Couden 
239, 85.4, V\u00e9ronique Beyris 
240, 85.3, Calla Andrus 
241, 85.2, Suzanne Deiss 
242, 85.2, Terri Thompson 
243, 85.1, M J Lanni
244, 85.0, Cindy Branoff 
245, 85.0, Mk Lawrence 
246, 84.9, Carol Latowski 
247, 84.9, Cindy Phillips 
248, 84.8, Becky Legate 
249, 84.7, Sue Evans 
250, 84.7, Mabel Bean 
251, 84.6, Bridget Mooney 
252, 84.6, Laurie Nelson 
253, 84.5, Veronica Gustave-Nielsen 
254, 84.4, Nancy Shapiro 
255, 84.4, Dell Meredith 
256, 84.3, Andr\u00e9e Tremblay 
257, 84.3, Jill Cooper 
258, 84.2, Helene Cameron 
259, 84.1, Kim Fleming 
260, 84.1, Carole Hurteau 
261, 84.0, Theresa Foster 
262, 83.9, Concha Acosta 
263, 83.9, Katherine Mullen 
264, 83.8, Elaine Salerno 
265, 83.8, Lisa Kent 
266, 83.7, Angie Forney 
267, 83.6, Jenny Norwood 
268, 83.6, Suzy Porter 
269, 83.5, carol gabriel 
270, 83.5, Carol Craswell 
271, 83.4, Deepika Saksena 
272, 83.3, Donna Orr 
273, 83.3, Karen Salisbury 
274, 83.2, Lynn Rini 
275, 83.1, Elisabet Bolk 
276, 83.1, Sherry Coomes 
277, 83.0, Jullie Greenwood 
278, 83.0, Chris Sartors 
279, 82.9, Polly Mayer 
280, 82.8, Linda Jeanes 
281, 82.8, Brenda Rodriguez 
282, 82.7, Margaret Boyd 
283, 82.7, Roxanne Morgan 
284, 82.6, Dian Lauby 
285, 82.5, Enza Taddeo 
286, 82.5, Julie Pankey 
287, 82.4, Patti Walkover 
288, 82.4, Jan Casciari 
289, 82.3, Connie Arismendi 
290, 82.2, Connie Freeman 
291, 82.2, Debby Rondell 
292, 82.1, Susan Mcclelland 
293, 82.0, Ragnhild Aas 
294, 82.0, Debra Tarksis 
295, 81.9, Diana Mulka 
296, 81.9, Joyce Fukumoto 
297, 81.8, Cindy Persitz 
298, 81.7, Martha Kefgen 
299, 81.7, Carol Knuth 
300, 81.6, Kathy Prisco 
301, 81.6, Lauren Dale 
302, 81.5, Roxanne Lord 
303, 81.4, Laurie St Amand
304, 81.4, Carmel McCann 
305, 81.3, Querida Masters 
306, 81.2, Charla McKoy 
307, 81.2, Francesca Storr 
308, 81.1, Wendy Loomis 
309, 81.1, Lorraine Pickering 
310, 81.0, Cathy Nelson 
311, 80.9, Debbie Abelson 
312, 80.9, Donna Emerson 
313, 80.8, Deborah Carter 
314, 80.8, PATTY MILLER 
315, 80.7, Linda Summers 
316, 80.6, Donna DiPinto 
317, 80.6, Heidi Lawler 
318, 80.5, Jeanine Hopping 
319, 80.5, Chrissy Talbott 
320, 80.4, Josie Lanigan 
321, 80.3, Mary O'Brien 
322, 80.3, Pamela Padgett 
323, 80.2, Lindy Maracic 
324, 80.1, pamela saunders 
325, 80.1, Kathy Ustipak 
326, 80.0, Karen Minser 
327, 80.0, Susan Roberts 
328, 79.9, Lynn Snyder 
329, 79.8, Patricia Wachel 
330, 79.8, Renee Ferguson 
331, 79.7, Cheryl Blakely 
332, 79.7, Annette Tate 
333, 79.6, Cindy Brooks 
334, 79.5, Kathy Herschbach 
335, 79.5, Kathleen Martinez 
336, 79.4, Micky Ruiz 
337, 79.4, Barbara Hoggan 
338, 79.3, Christine Kabatznick 
339, 79.2, Judy Suter 
340, 79.2, Sue Grambeau 
341, 79.1, Cathy White 
342, 79.0, Lori Rymer 
343, 79.0, Diane Barnes 
344, 78.9, Denise Cabrera 
345, 78.9, Pamela Green 
346, 78.8, Birgitte Uggerh\u0102\u00b8j 
347, 78.7, Anne Aiello 
348, 78.7, Julia Jefferson 
349, 78.6, Becky Hennesy 
350, 78.6, Carole Goodreau 
351, 78.5, Mimi Bristow 
352, 78.4, Melinda Stein 
353, 78.4, Debbie Rodriguez 
354, 78.3, Diana Romero 
355, 78.2, Debbie Juretus 
356, 78.2, Andi Ellis 
357, 78.1, Rebecca Johnson 
358, 78.1, Beth Lauterbach 
359, 78.0, Sally Sparks 
360, 77.9, Wendy Bacalja 
361, 77.9, Patricia Hoffie 
362, 77.8, Bucky Lemarroy 
363, 77.8, Barbara Hatch 
364, 77.7, Beth Bute 
365, 77.6, Marlene Hibma 
366, 77.6, Lindalee Gagnon 
367, 77.5, Sharon Woolley 
368, 77.5, Kim Owen 
369, 77.4, Sue Mall 
370, 77.3, Stacie Porcher 
371, 77.3, Pilar Alcivar 
372, 77.2, Diane Miller 
373, 77.1, Lydia VanHorn 
374, 77.1, Vicki Eagen 
375, 77.0, Sharon Schasser 
376, 77.0, Cheryl Ladd 
377, 76.9, Susan Marks 
378, 76.8, Shelley Schlender 
379, 76.8, Rose-Marie Brehmer 
380, 76.7, Connie Junior 
381, 76.7, Becky Pond 
382, 76.6, Bonnie Balis 
383, 76.5, Becky Skitt 
384, 76.5, Janice Wirtanen 
385, 76.4, Nancy Matz 
386, 76.3, Rosemary Lustan 
387, 76.3, Terry Clair 
388, 76.2, Amy Massengill 
389, 76.2, Diane Sobel 
390, 76.1, Fran Schlaefer 
391, 76.0, Anne Miller 
392, 76.0, Sjoukje Klein Haneveld
393, 75.9, Glenda Torea 
394, 75.9, Marianne Cameron 
395, 75.8, Sara Fredrickson 
396, 75.7, Sharon Leinbach 
397, 75.7, Dora Seebacher 
398, 75.6, Ginny Weant 
399, 75.6, Lesa Francis 
400, 75.5, Marybeth Parker 
401, 75.4, Anna Offers 
402, 75.4, Michelle Visco 
403, 75.3, Lori Fragier 
404, 75.2, Gayle Lysy-Allen 
405, 75.2, Cindy Colluro 
406, 75.1, Randi Skinstad 
407, 75.1, Maria Bernardete Zanette
408, 75.0, Claudia Standke 
409, 74.9, Francine Plourde 
410, 74.9, Joanna Goldsmith 
411, 74.8, Paula Stone 
412, 74.8, Connie Rush 
413, 74.7, Shannon Hougham 
414, 74.6, Patricia Ewen 
415, 74.6, Lotta Melin 
416, 74.5, Lorraine Crawford 
417, 74.4, Patricia Kinnick 
418, 74.4, Marcia Huber 
419, 74.3, Libby Myers 
420, 74.3, Sevim Jumper 
421, 74.2, Peggy Thiele 
422, 74.1, Gwen Engle 
423, 74.1, Patricia Filer 
424, 74.0, Susan Davis 
425, 74.0, Beverly Smith 
426, 73.9, Chris Rosenbaum 
427, 73.8, Dee Bishop 
428, 73.8, Rosemary Imbert 
429, 73.7, Lynn McTaggart 
430, 73.7, Gwen Long 
431, 73.6, Sheryl Switaj 
432, 73.5, Dee Seda 
433, 73.5, Anne Appleyard 
434, 73.4, Valeri Olson 
435, 73.3, Betsy Lunney 
436, 73.3, Corinne Conger 
437, 73.2, Ada Mckenzie 
438, 73.2, Jean Sinclair 
439, 73.1, Joyce Elbert 
440, 73.0, Kim Thompson 
441, 73.0, Janet Dygert 
442, 72.9, Mary Wentworth 
443, 72.9, Helene Kergoat 
444, 72.8, Susan Bandler 
445, 72.7, Betsy Kurilo 
446, 72.7, Mary Fabacher 
447, 72.6, Robin Keller 
448, 72.5, Kathleen McMahan 
449, 72.5, Cathy Jubert 
450, 72.4, Lil Gary 
451, 72.4, Cindy Hebert 
452, 72.3, Peggy Williams 
453, 72.2, Janice Kunkemoeller 
454, 72.2, Patricia Mysza 
455, 72.1, Jill Cartmell 
456, 72.1, Evelyn Hom 
457, 72.0, Alyson Arguijo 
458, 71.9, Elisabeth Trolin 
459, 71.9, Joyce Bailey 
460, 71.8, Jean Meidl 
461, 71.8, Cheryl Eddington 
462, 71.7, Jerrine Roderique 
463, 71.6, Jenny Stigall 
464, 71.6, Susan Malcolm 
465, 71.5, H\u00e9l\u00e8ne Agniel 
466, 71.4, Dorothy Kosciuch 
467, 71.4, Barbara Blount 
468, 71.3, Debra J. Onsager
469, 71.3, Ellen Banta 
470, 71.2, Caryl Misselbrock 
471, 71.1, Amy McCandless 
472, 71.1, Sandie Milam 
473, 71.0, Lisa Zimmerman 
474, 71.0, Patty McGannon 
475, 70.9, Theresa Glubka 
476, 70.8, Susan De Pauw
477, 70.8, Jean Beaulieu 
478, 70.7, laura shackelford 
479, 70.6, Andrea Fabry 
480, 70.6, Cynthia Magalona 
481, 70.5, Michelle Anderson 
482, 70.5, Jeri Strader 
483, 70.4, Janet Tucker 
484, 70.3, Jennie KixMiller 
485, 70.3, Kathy Herbert 
486, 70.2, Patti Chiang 
487, 70.2, Anne Thompson 
488, 70.1, Kerry Aguirre 
489, 70.0, Elizabeth Ring 
490, 70.0, Anne-Marie Beaudoin 
491, 69.9, Marilyn Richards 
492, 69.9, Sue Brown 
493, 69.8, Catherine Andrews 
494, 69.7, Shelley Beaudet 
495, 69.7, Lauren Seibler 
496, 69.6, Helma Bliek 
497, 69.5, Debbie Loska 
498, 69.5, Carmen Green 
499, 69.4, Patty Schroeder 
500, 69.4, Sally Comer 
501, 69.3, Tina Burr 
502, 69.2, Debra Carr 
503, 69.2, Kate Merckel 
504, 69.1, Sabrina Martin 
505, 69.1, Susan Emery 
506, 69.0, Robin O'Driscoll 
507, 68.9, Sheryl Hausman 
508, 68.9, Judy DeBello 
509, 68.8, Karen Mackay 
510, 68.8, Cathy Petz 
511, 68.7, Janis Lee 
512, 68.6, Jackie Bonelli 
513, 68.6, Maree Obrien 
514, 68.5, Barbara Boomer 
515, 68.4, Catherine Goodwin 
516, 68.4, Katherine San Luis
517, 68.3, Kathleen Swenson 
518, 68.3, Della Vaughan 
519, 68.2, Evelyn Deleon 
520, 68.1, Beth O'Donnell 
521, 68.1, Rhea Delgado 
522, 68.0, Elizabeth Bors 
523, 68.0, Nancy Purpura 
524, 67.9, Patty Crader 
525, 67.8, Debbie Stiefel 
526, 67.8, Janet James 
527, 67.7, Terri Romano 
528, 67.6, Terri Irwin 
529, 67.6, Kathy Lytle 
530, 67.5, Joyce Babin 
531, 67.5, Elizabeth Pressey 
532, 67.4, Diana Hogan 
533, 67.3, Jean Fenske 
534, 67.3, Kate Haney 
535, 67.2, Mary Anne Blood
536, 67.2, Melinda Arwine 
537, 67.1, Patricia Crowell 
538, 67.0, Haag Connie 
539, 67.0, Lila Kalnajs 
540, 66.9, Donna Wolfe 
541, 66.9, Tami Cherrington 
542, 66.8, Deb Herman 
543, 66.7, Rosalyn Lovell 
544, 66.7, Cynthia McCormick 
545, 66.6, Mary Sharp 
546, 66.5, Laurie Shepherd 
547, 66.5, Terry Jamieson 
548, 66.4, Alanna Bock-Butler 
549, 66.4, Charlene Williams 
550, 66.3, Adrianne Quiros 
551, 66.2, Jill Blake 
552, 66.2, Louise Perrotta 
553, 66.1, Diane Baker 
554, 66.1, Linda Catt 
555, 66.0, Melinda Mazo 
556, 65.9, Jan Munter 
557, 65.9, Lyn Pitts 
558, 65.8, Caryn Blasco 
559, 65.7, Kay Armstrong 
560, 65.7, Catherine Innes 
561, 65.6, Mary Beth Jensen
562, 65.6, Donna Dykstra 
563, 65.5, Kathy Brooks 
564, 65.4, Kathleen Barron 
565, 65.4, Arja Aarnoudse 
566, 65.3, Marta Nammack 
567, 65.3, P\ucc44ivi Kotilainen 
568, 65.2, Veronica Chittenden 
569, 65.1, Lynn Paskiewicz 
570, 65.1, Shannon Davis 
571, 65.0, Gail Larkin 
572, 65.0, Linda Vescio 
573, 64.9, Alberta Bermingham 
574, 64.8, Liza Bowles 
575, 64.8, Penny Cryer 
576, 64.7, Regina Medeiros 
577, 64.6, Jean Revell 
578, 64.6, Alice Leeming 
579, 64.5, Pamela Lightner 
580, 64.5, Lee Stanard 
581, 64.4, gail abercrombie 
582, 64.3, Christine Plaster 
583, 64.3, Anne Lucas 
584, 64.2, Terrie Kalil 
585, 64.2, Emy Ching 
586, 64.1, Elizabeth Blake 
587, 64.0, Cindy Grant 
588, 64.0, Teresa Allan 
589, 63.9, Susan Rettler 
590, 63.8, Debra Rose McMahon
591, 63.8, Petra Simonis 
592, 63.7, Olga Sorensen 
593, 63.7, Janet Garrett 
594, 63.6, Candace Shanley 
595, 63.5, Eva Rodriguez 
596, 63.5, Terry Carr 
597, 63.4, Shirley Olsen 
598, 63.4, Maureen Dohmann 
599, 63.3, Patty Murray 
600, 63.2, Aneta Hutchison 
601, 63.2, Beverly Louie 
602, 63.1, Susan Fagan 
603, 63.1, Cindy Hendricks 
604, 63.0, Laney Lutzker 
605, 62.9, Audrey Chapman 
606, 62.9, Annette DiGiorgio 
607, 62.8, Jill Duran 
608, 62.7, Cathy Moncrieff 
609, 62.7, nancy gardner 
610, 62.6, Deb Poulson 
611, 62.6, Sandra Dell 
612, 62.5, Julie Williams 
613, 62.4, Kathleen O'Connor-McNew 
614, 62.4, Diane Reynen 
615, 62.3, Ann Dulin 
616, 62.3, Cheri Royal 
617, 62.2, Mary Geasley 
618, 62.1, Susie Everett 
619, 62.1, Debbie Mills 
620, 62.0, Brenda Mendez 
621, 61.9, Sue Russell 
622, 61.9, Penny Delaney 
623, 61.8, Marla Doughty 
624, 61.8, Dorinda Walker 
625, 61.7, Roxane Moore 
626, 61.6, Leslie Burns-Loughlin 
627, 61.6, Arvilla Davis 
628, 61.5, Teri Dicks 
629, 61.5, Rebecca Evans 
630, 61.4, Patty Lemieux 
631, 61.3, Meredyth Nelson 
632, 61.3, Maryalice Ashar 
633, 61.2, Janny Matse 
634, 61.2, Connie Winter 
635, 61.1, Erma Myers 
636, 61.0, Jeanie Yockey 
637, 61.0, Lori Hartle 
638, 60.9, Barbara Wakeen 
639, 60.8, Kim Sport 
640, 60.8, Nadege Beyer 
641, 60.7, Trudy Ball 
642, 60.7, Maria Silva 
643, 60.6, Edith Rubezevicius 
644, 60.5, Linda Artley 
645, 60.5, Pauline Carter 
646, 60.4, Chandler Moenius 
647, 60.4, Cheryl Solinger 
648, 60.3, Kate Rieger 
649, 60.2, Viviane Assis 
650, 60.2, Gloria Kavlie 
651, 60.1, Sharon Brown 
652, 60.0, Enora Rogers 
653, 60.0, Bruceen Goodrich 
654, 59.9, Diane Young 
655, 59.9, Brenda Holmes 
656, 59.8, Yangjin Cui 
657, 59.7, Liz Barclay 
658, 59.7, Beth Atherton 
659, 59.6, Marney Courtenay 
660, 59.6, Marilynn Monda 
661, 59.5, Julie Hasten 
662, 59.4, Joan Diezmann 
663, 59.4, Lorianne Myers 
664, 59.3, Linda McCampbell 
665, 59.3, Frankie Rader 
666, 59.2, Karen Grahl 
667, 59.1, Peggy Brown 
668, 59.1, Sue Smith 
669, 59.0, Tonina Melino 
670, 58.9, Barb McColl 
671, 58.9, Patrice O'Dea 
672, 58.8, Chris Michael 
673, 58.8, Pat Stiver 
674, 58.7, Marie Barretto 
675, 58.6, Jill Wiggins 
676, 58.6, Marcy Seymour 
677, 58.5, Deborah Avery 
678, 58.5, Bev Hoshi 
679, 58.4, Ramona Archambault 
680, 58.3, Cindy Norris 
681, 58.3, Stephanie Chan 
682, 58.2, Trudy Mayher 
683, 58.1, Sherry Durham 
684, 58.1, Suzanne Farver 
685, 58.0, Lea Kroll 
686, 58.0, Cindy Sullivan 
687, 57.9, Leslie Bailey 
688, 57.8, Marcia Fitzgerald 
689, 57.8, Janice Niederhofer 
690, 57.7, Jane Nicotera 
691, 57.7, Michelle Zabala 
692, 57.6, Maggie Donohue 
693, 57.5, Mahnaz Nasseri 
694, 57.5, Maggie Edmonson 
695, 57.4, Denise Verbrugge 
696, 57.4, Barbara Anne Weaver
697, 57.3, Carmen Delgado 
698, 57.2, K Carmen Drummond
699, 57.2, Sherry Boyd 
700, 57.1, Rikki Wilson 
701, 57.0, Marian Stockdale 
702, 57.0, Mary Lou Menke
703, 56.9, Nancy Bennett 
704, 56.9, Kimmie Park 
705, 56.8, Jane Riff 
706, 56.7, Raili Cardamone 
707, 56.7, Margaret Gulic 
708, 56.6, Marcia Snowden 
709, 56.6, Anna Drewnowska 
710, 56.5, Lynne Weygandt 
711, 56.4, Pam Foley 
712, 56.4, Kathy Abernethy 
713, 56.3, Diane Stencel 
714, 56.2, Kit Hull 
715, 56.2, Susan Alfonso 
716, 56.1, Michelle Stimpel 
717, 56.1, Joan Howard 
718, 56.0, Beckie Orr 
719, 55.9, Laura DeRiggi 
720, 55.9, Terese Ranalli 
721, 55.8, Anne Gordon 
722, 55.8, Carol Brown 
723, 55.7, Cindy Barthel 
724, 55.6, Susan Beaver 
725, 55.6, Kerry Meyer 
726, 55.5, Debbie Reynolds 
727, 55.5, Tannis Ball 
728, 55.4, Carole Sutherland 
729, 55.3, Kathy Marlin 
730, 55.3, Mary Cooper 
731, 55.2, Rose Anne Mayer
732, 55.1, Patty Allen 
733, 55.1, Mary Lohman 
734, 55.0, Eva Sv\ucc44rd 
735, 55.0, Debbie Norman 
736, 54.9, Ellyn Lorayn Teel
737, 54.8, Elaine Davis 
738, 54.8, Michele Burke 
739, 54.7, Lynn Osowski 
740, 54.7, Suzanne Mitrovic 
741, 54.6, Helen Albrightson 
742, 54.5, Liv Tove Oppedal
743, 54.5, Betsy Bunda 
744, 54.4, Maureen Peczka 
745, 54.4, Mary Manuell 
746, 54.3, Cindy Davis 
747, 54.2, Mary Lou Peters
748, 54.2, Toni Wolfe 
749, 54.1, Jolean Rhoades 
750, 54.0, Antonella Zuntini 
751, 54.0, Holly Coulter 
752, 53.9, Peggy Rolfe 
753, 53.9, Janet Monk 
754, 53.8, Vicki Varela 
755, 53.7, Gena Molina 
756, 53.7, Gillian Ormiston 
757, 53.6, Paula Miller 
758, 53.6, Barb Cain 
759, 53.5, Maite Bosc 
760, 53.4, Greta Downing 
761, 53.4, Wendy Henderson 
762, 53.3, Louann Rees 
763, 53.2, Toni McIntosh 
764, 53.2, Susan Phillips 
765, 53.1, Carmen Hebert 
766, 53.1, Kay Munson 
767, 53.0, Marlene Bittencourt 
768, 52.9, Valerie Bakunowicz 
769, 52.9, Suzanne Krzmarzick 
770, 52.8, Lee Barve 
771, 52.8, Linda MV Martel
772, 52.7, Rochelle McPhtetridge 
773, 52.6, Allyn Jones 
774, 52.6, Kathleen Pachal 
775, 52.5, Nancy Williams 
776, 52.5, Lorraine Galante 
777, 52.4, Cynthia Nichols 
778, 52.3, Susan Ortencio 
779, 52.3, Merry Davidson 
780, 52.2, Carmen Hull 
781, 52.1, Lynn Paris 
782, 52.1, Liz O'Connor 
783, 52.0, Diane Bondi 
784, 52.0, Chris Barbuto 
785, 51.9, Margaret Kampen 
786, 51.8, Pam Parker-White 
787, 51.8, Janet Bernockie 
788, 51.7, Cindy Taggatz 
789, 51.7, Fay Gunter 
790, 51.6, Cali Vrooman 
791, 51.5, Linda Criens-Poublon 
792, 51.5, Janet Studt 
793, 51.4, Diane Van Velkinburgh
794, 51.3, Josephine DeCicco 
795, 51.3, Susan Ryan-Kron 
796, 51.2, Cindy Rothschild 
797, 51.2, Edwards Peggy 
798, 51.1, Debra Cleveland 
799, 51.0, Lauren Bruzzone 
800, 51.0, Elaine Tantillo 
801, 50.9, Susan Dodgson 
802, 50.9, Elana Findlow 
803, 50.8, Cheri Beauvais 
804, 50.7, Wanda Stocchero 
805, 50.7, Maralyn Lakin 
806, 50.6, Lynn Jones 
807, 50.6, Pat Wong 
808, 50.5, Nancy Maddocks 
809, 50.4, Anne Hooper 
810, 50.4, Ton ton Russell
811, 50.3, Mariann Jelinek 
812, 50.2, Linda Selvig 
813, 50.2, Shideh Mottaghi 
814, 50.1, Fran Rose 
815, 50.1, Mary Biniewicz 
816, 50.0, Janet Quodomine 
817, 49.9, Mary Anne Coffey
818, 49.9, Sandi Bourget 
819, 49.8, Leslie deBoer 
820, 49.8, Barbara Figan 
821, 49.7, Anita Bedard 
822, 49.6, Linae Schroeder 
823, 49.6, Deb Kempler 
824, 49.5, Lisa Bloom 
825, 49.4, Linda Ryan 
826, 49.4, Jan Youngman 
827, 49.3, Michelle Howard 
828, 49.3, Juliana Maria Martins
829, 49.2, Sharon Touchette 
830, 49.1, Cynthia Hudock 
831, 49.1, Angelika Gamer 
832, 49.0, Judy Mauldin 
833, 49.0, Lisa Jepsen 
834, 48.9, Laurel Hill 
835, 48.8, Laura Brown 
836, 48.8, Cheryl Floming 
837, 48.7, Debbie Swanson 
838, 48.7, Graziella Romagnoli 
839, 48.6, Sherry Hopson 
840, 48.5, Judy Payne 
841, 48.5, Carol Gyulai 
842, 48.4, Peggy Tang 
843, 48.3, Joanie Hansonbain 
844, 48.3, Kathy Fechko 
845, 48.2, Jeannie Herford 
846, 48.2, Jane Mann 
847, 48.1, Linda Carvalho 
848, 48.0, Susan Watson 
849, 48.0, Retta Cameron 
850, 47.9, Elizabeth Hedley 
851, 47.9, Diana Alvarez 
852, 47.8, Janine Stonerock 
853, 47.7, Susan Mitchell 
854, 47.7, Kimberly Horn 
855, 47.6, Cheri Johnson 
856, 47.5, Pierrette Bourrounet 
857, 47.5, Kristie Buxton 
858, 47.4, Deb Wallace 
859, 47.4, Liza Graves 
860, 47.3, Tish Hanna 
861, 47.2, Teresa Akers 
862, 47.2, Janyce Freund 
863, 47.1, Becky Walker 
864, 47.1, Cindy Miller 
865, 47.0, Mary Wiley 
866, 46.9, Regula Granger 
867, 46.9, Vanessa Seco 
868, 46.8, Phyllis Kowal 
869, 46.8, Vera Vratonjic 
870, 46.7, Sylvia Mosier 
871, 46.6, Mary Valerio 
872, 46.6, Bernadette Obrien 
873, 46.5, Maureen Lampa 
874, 46.4, Martha Carlson 
875, 46.4, Rosalind Orchard 
876, 46.3, Denise Tan 
877, 46.3, Kathy Booth 
878, 46.2, Nancy Thompson 
879, 46.1, Sally Ratti 
880, 46.1, Wendy Townsend 
881, 46.0, Catherine Keslo 
882, 46.0, Kathy Bellemare 
883, 45.9, Laurie Giesken 
884, 45.8, Pamela Clarke 
885, 45.8, Cathy Campbell 
886, 45.7, Diana Cody 
887, 45.6, Joette Manning 
888, 45.6, Barbara Imperiali 
889, 45.5, Maryan Hopkins 
890, 45.5, Sheila Plaster 
891, 45.4, Charmaine Canite 
892, 45.3, Wanda Lynn 
893, 45.3, Irene Jutl\u0e23\u0e16v 
894, 45.2, Barb Smith 
895, 45.2, Kathryn Wilson 
896, 45.1, Maggie Dew 
897, 45.0, Irena Tomaszewski 
898, 45.0, Leanne Davis 
899, 44.9, Patti Mize 
900, 44.9, Debbie Johnson 
901, 44.8, Faith Kuhn 
902, 44.7, Joanne Murphy 
903, 44.7, Robben Abraham 
904, 44.6, Shirley Klein 
905, 44.5, Michelle Robinson 
906, 44.5, Linda Pensabene 
907, 44.4, Jenny Dugandzich 
908, 44.4, Dinah Houston 
909, 44.3, Anna Thompson 
910, 44.2, Brenda Derrick 
911, 44.2, Catherine Houlison 
912, 44.1, Sandae Bonare 
913, 44.1, Gail Wade-Adams 
914, 44.0, Bernadette Usher 
915, 43.9, Deborah Ortiz 
916, 43.9, Jill Hansen 
917, 43.8, Lori Richards 
918, 43.8, Helen Ortega 
919, 43.7, Sherri Qualls 
920, 43.6, Sharon Hay-Pole 
921, 43.6, Debra Ryan 
922, 43.5, Jackie DeFoe 
923, 43.4, Wendy Bottomley 
924, 43.4, Marlene Maher 
925, 43.3, Ann Jensen 
926, 43.3, Leslie Briggs 
927, 43.2, Elaine Leonardi 
928, 43.1, Janice Hall 
929, 43.1, Lynne Higgins 
930, 43.0, Robin Kline 
931, 43.0, Eileen Zimmerman 
932, 42.9, Chris Dover 
933, 42.8, Brenda Cates 
934, 42.8, Betsy Martin 
935, 42.7, Julie Lee 
936, 42.6, Patti York 
937, 42.6, Susan Barnett 
938, 42.5, Karen Jacob 
939, 42.5, Connie Flores 
940, 42.4, Rachel Campbell 
941, 42.3, Marian Campbell 
942, 42.3, Linda Garcia 
943, 42.2, Janice Lipes 
944, 42.2, Carole Huddleston 
945, 42.1, Susan Dorval 
946, 42.0, Pam Oles 
947, 42.0, Silvie Gabrielle Cashman
948, 41.9, Susan Hills 
949, 41.9, Angelika Baumeister 
950, 41.8, Karen Lavender 
951, 41.7, GiovannaMaria Dore 
952, 41.7, Bobbi Patterson 
953, 41.6, Linda Lanker 
954, 41.5, Sylvia Haupert 
955, 41.5, Lynly Pannunzio 
956, 41.4, Amy Ridgeway 
957, 41.4, Kim Kelly 
958, 41.3, Carolyn Glynn 
959, 41.2, Dee Mayer 
960, 41.2, Sari Cabral 
961, 41.1, Gail Charrette 
962, 41.1, Marion Oat 
963, 41.0, Janet Fournier 
964, 40.9, Chris Colabraro 
965, 40.9, Liliana Oddi 
966, 40.8, Sherrie Baldwin 
967, 40.7, Shelley Beleznay 
968, 40.7, Natalia Summerlin 
969, 40.6, Kathleen Martin 
970, 40.6, Phyllis Beets 
971, 40.5, Norma Ebanks 
972, 40.4, Cheryl Skeie 
973, 40.4, Jennie Andrews 
974, 40.3, Shelly Altman 
975, 40.3, Raphaelle Hao 
976, 40.2, Marcia Gresham 
977, 40.1, Laura Burns Sierra
978, 40.1, Marilyn Hairston 
979, 40.0, Laurel Merchant 
980, 40.0, Kathy Venturella 
981, 39.9, Debbie Herron 
982, 39.8, Dianne Holland 
983, 39.8, Carroll Dillon 
984, 39.7, Linda Price 
985, 39.6, Patricia Mangano 
986, 39.6, Carol George 
987, 39.5, Laura Sutherland 
988, 39.5, Kristin Baird 
989, 39.4, Jacqueline Klihance 
990, 39.3, Domenica Cibilich 
991, 39.3, Diane Kelly 
992, 39.2, Sherry Coulthard 
993, 39.2, Connie Beamer 
994, 39.1, Linda Rohrbaugh 
995, 39.0, Janet Longatti Wallace
996, 39.0, Mj Osgoodby 
997, 38.9, Cindy Binkley 
998, 38.8, Moraima Garcia Ruiz
999, 38.8, Mary Anne Dooley
1000, 38.7, Barbara Parsons 
1001, 38.7, Andie Voyles 
1002, 38.6, Fran Cote 
1003, 38.5, Rae Quanbeck 
1004, 38.5, Ginger Canfield 
1005, 38.4, Barbie Haughton 
1006, 38.4, Robyn Brett 
1007, 38.3, Kathy Brignac 
1008, 38.2, Ginny Hogan 
1009, 38.2, Leslee Weiss 
1010, 38.1, Kaye Hanley 
1011, 38.1, Ruth Gordon 
1012, 38.0, Mary Tesic 
1013, 37.9, Diane Ashford 
1014, 37.9, Beth Wilcox 
1015, 37.8, Denise Thornton 
1016, 37.7, Trudyann Dayton 
1017, 37.7, Kate Raines 
1018, 37.6, Carol Burrell 
1019, 37.6, Michelle Falkowski 
1020, 37.5, Mary Rink 
1021, 37.4, Jen Wexler 
1022, 37.4, Marike MacDonald 
1023, 37.3, Pamela Folz 
1024, 37.3, Margarida Silva 
1025, 37.2, Joyce James 
1026, 37.1, Maryse Delvingt 
1027, 37.1, Vicki Brubaker 
1028, 37.0, Anastasia Alexatos 
1029, 36.9, Theresa Thompson 
1030, 36.9, Cynthia Backhaus 
1031, 36.8, Jakky Golden 
1032, 36.8, Lunette Hamilton 
1033, 36.7, Gabriele Schregle 
1034, 36.6, Kelly Thomas Arnaiz
1035, 36.6, Rosa Hamilton 
1036, 36.5, Sharon Still 
1037, 36.5, Dianne Fileccio 
1038, 36.4, Melody Hoffmann 
1039, 36.3, Sonya Miller 
1040, 36.3, Donna Schmidt 
1041, 36.2, Claudia Grispin 
1042, 36.2, Trish Treagus 
1043, 36.1, Louise Roy 
1044, 36.0, Jan Roeder 
1045, 36.0, Mary Day 
1046, 35.9, Cherese Younts 
1047, 35.8, Judy Gamble 
1048, 35.8, Kerstin Persson 
1049, 35.7, Judy Tapper 
1050, 35.7, Lynda O'Brien 
1051, 35.6, Janis Green 
1052, 35.5, Marama Harvey 
1053, 35.5, Judy Butler 
1054, 35.4, Cindy Lund 
1055, 35.4, Marie Takemoto 
1056, 35.3, Cathy Solano 
1057, 35.2, patty nolan 
1058, 35.2, Ann Woodhead 
1059, 35.1, Marge Conroy 
1060, 35.0, Doreen Keene 
1061, 35.0, Shelagh Ennis 
1062, 34.9, Mar\u00edzia Freitas 
1063, 34.9, Barbara Schmitt 
1064, 34.8, Charlotte Metzger 
1065, 34.7, Lorrie Whitehead 
1066, 34.7, Nadine Robinson 
1067, 34.6, Joyce Fowler 
1068, 34.6, Kathy Caldwell 
1069, 34.5, Beckie Mathis 
1070, 34.4, Roxie Thompson 
1071, 34.4, Selina Meijer 
1072, 34.3, Jennifer Masquelier 
1073, 34.3, Josy Haggard 
1074, 34.2, Valerie Gray 
1075, 34.1, Marcia Cook 
1076, 34.1, Kim Jackson 
1077, 34.0, Kathleen Tims 
1078, 33.9, Marilyn Hatem 
1079, 33.9, Beth Ginsberg 
1080, 33.8, Marcella Johnson 
1081, 33.8, Debbie Banks 
1082, 33.7, Louanne Henderson 
1083, 33.6, Janet Bilyeu 
1084, 33.6, Suzanne Appleton 
1085, 33.5, Nancy Cooley 
1086, 33.5, Leah Levitt 
1087, 33.4, Charlene Bartlett 
1088, 33.3, Deb Dufour 
1089, 33.3, Catherine Coulson 
1090, 33.2, Susan Watkins 
1091, 33.1, Brenda Morash 
1092, 33.1, Helen Mair 
1093, 33.0, Hedy Rogers-Jones 
1094, 33.0, Carolyn Milnes 
1095, 32.9, Bonny Barr 
1096, 32.8, Beryl Ostrofski 
1097, 32.8, Hiroko Perry 
1098, 32.7, Margaretta Noonan 
1099, 32.7, Kathy Brennan 
1100, 32.6, Debbie Kellogg 
1101, 32.5, Karen Dunlop 
1102, 32.5, Darlene Prois 
1103, 32.4, Lizzie Klein 
1104, 32.4, Heather Elms-Wood 
1105, 32.3, Patty Hermosilla 
1106, 32.2, Estela Gudiel 
1107, 32.2, Kathy Clarke 
1108, 32.1, Margaret Joseph 
1109, 32.0, Maggie Groom 
1110, 32.0, Stella Buck 
1111, 31.9, Jody Snyder 
1112, 31.9, Helen Brennan 
1113, 31.8, Vicki Kirk 
1114, 31.7, Judy Tillack 
1115, 31.7, Rita Hawener 
1116, 31.6, Sue Green 
1117, 31.6, Jean Ashcroft 
1118, 31.5, Lorri Mangan 
1119, 31.4, Mary Scro 
1120, 31.4, Patricia Atkinson 
1121, 31.3, Brenda Harmon 
1122, 31.2, Bari Keith 
1123, 31.2, Phil Commons 
1124, 31.1, Neta Newkirk 
1125, 31.1, Karen Hinkin 
1126, 31.0, Andrea Tetreault 
1127, 30.9, Janelle Scott 
1128, 30.9, Petrina Rauzi 
1129, 30.8, Susan Carlton 
1130, 30.8, Karen Newman 
1131, 30.7, Colleen Simmons 
1132, 30.6, Barbara Alexander 
1133, 30.6, Lindsey Darrington 
1134, 30.5, Patty Franco 
1135, 30.5, Diane Bollen 
1136, 30.4, Joy Kinzie 
1137, 30.3, Adelheid Kuenzi 
1138, 30.3, Kathy Main 
1139, 30.2, Candace Phillips 
1140, 30.1, Cheryl Wetmore 
1141, 30.1, Jenny Stuart 
1142, 30.0, Cindi Stern 
1143, 30.0, Shari Deevers 
1144, 29.9, Danita Pearson 
1145, 29.8, Aparecida Rodolfo 
1146, 29.8, Linda Vazquez 
1147, 29.7, Sheryl Miller 
1148, 29.7, Lori Druckenmiller 
1149, 29.6, Holly Gera 
1150, 29.5, Donagh Peters 
1151, 29.5, April Doney 
1152, 29.4, Joan McCallum 
1153, 29.4, Linda Retter 
1154, 29.3, Kate Kern 
1155, 29.2, Judy Harms 
1156, 29.2, Leah Mullins 
1157, 29.1, Becky Hammer 
1158, 29.0, Lone Andersen 
1159, 29.0, Rama Benbaruch 
1160, 28.9, Nancy Huizinga 
1161, 28.9, Mary Amiano 
1162, 28.8, Teri Smith 
1163, 28.7, Marie Therese Yu
1164, 28.7, Anita Mann 
1165, 28.6, Susan Knox 
1166, 28.6, Ann Yessman 
1167, 28.5, Suzanne Jarrell 
1168, 28.4, Debra McGinnis 
1169, 28.4, Caroline Belsham 
1170, 28.3, Annemaree Butter 
1171, 28.2, Patricia Ryan 
1172, 28.2, Sue Cova 
1173, 28.1, Claire Berry 
1174, 28.1, Liz Schuetz 
1175, 28.0, Diane Cassidy 
1176, 27.9, Kathy Broten 
1177, 27.9, Maz Greenbank 
1178, 27.8, Jeanne Hartman 
1179, 27.8, Deborah Thompson 
1180, 27.7, Madeline Wiecha 
1181, 27.6, Marla Cunningham 
1182, 27.6, Judy Mcbride 
1183, 27.5, Teresa Avelar 
1184, 27.5, Nancy Toubl 
1185, 27.4, Sue French 
1186, 27.3, Ginger Cohen 
1187, 27.3, Peggy Jefferson 
1188, 27.2, Rachael Gonzalez 
1189, 27.1, Marilyn Bonnell 
1190, 27.1, Alice Hicks 
1191, 27.0, Sharon Muller 
1192, 27.0, Theresa Bacon-Baguley 
1193, 26.9, Diane Parchomchuk 
1194, 26.8, Sandra Lacy 
1195, 26.8, Donna Miller 
1196, 26.7, Lori Platz 
1197, 26.7, Lori Hewlett 
1198, 26.6, Nancy Borsboom 
1199, 26.5, Diana Zeller 
1200, 26.5, Pam Painter 
1201, 26.4, Elsie Jackson 
1202, 26.3, Martha White 
1203, 26.3, Edie Carroll 
1204, 26.2, Karen Royle 
1205, 26.2, Shirley Lee 
1206, 26.1, Melissa Galbraith 
1207, 26.0, Carlanne Foushee 
1208, 26.0, Libby Rush 
1209, 25.9, Bridget Fortney 
1210, 25.9, Laurie Siebert 
1211, 25.8, Irma Villalobos 
1212, 25.7, Susan Phoebe 
1213, 25.7, Bonnie Agner 
1214, 25.6, Dolly Marden 
1215, 25.6, Anne Marie Saarie
1216, 25.5, Jane Martone 
1217, 25.4, Becky Acker 
1218, 25.4, Rose Rye 
1219, 25.3, Mary Anne Hartley
1220, 25.2, Emma Jane Miles
1221, 25.2, Julie Austin 
1222, 25.1, Bonnie Blankinship 
1223, 25.1, Ellen Wallis 
1224, 25.0, Ginger Schell 
1225, 24.9, Diane Bouthot 
1226, 24.9, Dorothy Barron 
1227, 24.8, Christine Hunwardsen 
1228, 24.8, Yvonne Towers 
1229, 24.7, Susan Abotomey 
1230, 24.6, Claire Dant 
1231, 24.6, Cindy Gurss 
1232, 24.5, Connie von Gonten
1233, 24.4, Joanne Tolman 
1234, 24.4, Jo Ann Huston
1235, 24.3, Kim Chiodi 
1236, 24.3, Beatriz Ramirez 
1237, 24.2, Lynn Derr 
1238, 24.1, Lynda Branch 
1239, 24.1, Frances DeFilippis 
1240, 24.0, Norma Coffelt 
1241, 24.0, Sueli Moretti Takehashi
1242, 23.9, Elaine Doran 
1243, 23.8, Nancy Floyd 
1244, 23.8, Lisa White 
1245, 23.7, Susie Day 
1246, 23.7, Debra Villalba 
1247, 23.6, Star Cormack 
1248, 23.5, Diana Narizzano 
1249, 23.5, Kim Morrison 
1250, 23.4, Cheryl Fantz 
1251, 23.3, Marilyn Litchfield 
1252, 23.3, Penny Jordan 
1253, 23.2, Vickie Sandifer 
1254, 23.2, Betsy Ferencz 
1255, 23.1, Victoria Blesing 
1256, 23.0, Lee Clements 
1257, 23.0, Cathy Burgan 
1258, 22.9, Christy Weisenstein 
1259, 22.9, Sarah Akin-Smith 
1260, 22.8, Katherine Ferguson 
1261, 22.7, Barbara Brady 
1262, 22.7, Carol Bernstorf 
1263, 22.6, Mary Williams 
1264, 22.5, Maria Antonia Ibarra
1265, 22.5, Susan Wetzsteon 
1266, 22.4, Anarosa Estevez 
1267, 22.4, Marianne Taflinger 
1268, 22.3, Brenda Heard 
1269, 22.2, Eliza Connew 
1270, 22.2, Cheryl Hughes 
1271, 22.1, Mary Twombley 
1272, 22.1, Paula Guarente 
1273, 22.0, Debbie Crass 
1274, 21.9, Deborah Compilli 
1275, 21.9, Estela Parra 
1276, 21.8, Joanne Pyle 
1277, 21.8, Jill Cavell 
1278, 21.7, Jennifer Martin 
1279, 21.6, Donna Urban 
1280, 21.6, Susan Newton 
1281, 21.5, Alice Bryan 
1282, 21.4, Dixie Crites 
1283, 21.4, Lana Valenti 
1284, 21.3, Anita Burge 
1285, 21.3, Heleni Primo 
1286, 21.2, Sally Lamacchia 
1287, 21.1, Pamela Salisbury 
1288, 21.1, Jean Wasik 
1289, 21.0, Patty Shibona 
1290, 21.0, Martine Colombet 
1291, 20.9, Eileen Banis 
1292, 20.8, Katy Barloon 
1293, 20.8, Helen Cicirello 
1294, 20.7, Janneke Roelofs 
1295, 20.6, Mary Lubben 
1296, 20.6, Grace Fisher 
1297, 20.5, Maria Peturs 
1298, 20.5, Kathleen Malloy 
1299, 20.4, Margie Mallow 
1300, 20.3, LaTanya Miller 
1301, 20.3, Colleen Houston 
1302, 20.2, Carol Griffin 
1303, 20.2, Rosemary Ryan 
1304, 20.1, Patti Seghi 
1305, 20.0, Pat Crowe 
1306, 20.0, Leslie Swyden 
1307, 19.9, Connie Calderon 
1308, 19.9, Barbara Ramjan 
1309, 19.8, Lauri Rootvik 
1310, 19.7, Donna Hart 
1311, 19.7, Kathy Molloy 
1312, 19.6, Leslie Prud'homme 
1313, 19.5, Susie Johnson 
1314, 19.5, Renee Sperling 
1315, 19.4, Iris Greenland 
1316, 19.4, Kathleen Dittrich 
1317, 19.3, Ev Fulford 
1318, 19.2, Pat Knauz 
1319, 19.2, Pam Rogers 
1320, 19.1, Patricia Hill 
1321, 19.1, Rosangela Menezes 
1322, 19.0, Bobbie McDaniel 
1323, 18.9, Jane Clark 
1324, 18.9, Pat Sparwasser 
1325, 18.8, Bonnie Hanks 
1326, 18.8, Deborah Resch 
1327, 18.7, Ana Zigel 
1328, 18.6, Betty Yudt 
1329, 18.6, Lori Williams 
1330, 18.5, Polly Schiltz 
1331, 18.4, Nancy Jahn 
1332, 18.4, Lori Galbraith 
1333, 18.3, Dominguez Georgette 
1334, 18.3, Holly Davidorf 
1335, 18.2, Sue Rudolph 
1336, 18.1, Kathy Daly 
1337, 18.1, Karen Prewitt 
1338, 18.0, Jenny Schwartz 
1339, 18.0, Margaret Novak 
1340, 17.9, Michele Landes 
1341, 17.8, Catherine Cade 
1342, 17.8, Audrey Paul 
1343, 17.7, Kay Young 
1344, 17.6, Karin Hurley 
1345, 17.6, Laura Cianci 
1346, 17.5, judith caudle 
1347, 17.5, Bobbie Benningfield 
1348, 17.4, Patty Bollinger 
1349, 17.3, Benita Kronholm 
1350, 17.3, Wilda Wallace 
1351, 17.2, Jane Winchcombe 
1352, 17.2, Thereza Osorio 
1353, 17.1, Pat McCardle 
1354, 17.0, Luann Scribani 
1355, 17.0, Colomba Robledo 
1356, 16.9, Helen Zimmerman 
1357, 16.9, Jean Welsh 
1358, 16.8, Victoria Shaw 
1359, 16.7, Marie-Christine Charles 
1360, 16.7, Ann Hemphill 
1361, 16.6, Sabine Bellgardt 
1362, 16.5, Alma Smith 
1363, 16.5, Susan Bachlor 
1364, 16.4, Deb Luu 
1365, 16.4, Darlene Sekijima 
1366, 16.3, Mayra Marchand 
1367, 16.2, Rochelle Waters 
1368, 16.2, Karen Best 
1369, 16.1, RuthAnn Harp 
1370, 16.1, Janis Noone 
1371, 16.0, Susan North 
1372, 15.9, Cindy Brink 
1373, 15.9, Kim Taylor 
1374, 15.8, Beverly Berg 
1375, 15.7, Maggie Pickerel 
1376, 15.7, Vicky Filo 
1377, 15.6, Diane Burton 
1378, 15.6, Phyllis Snedden 
1379, 15.5, Huguette Crete 
1380, 15.4, Carla McMillian 
1381, 15.4, Linelle Soxman 
1382, 15.3, Claudia Belrango 
1383, 15.3, Amanda O'Leary 
1384, 15.2, Sheila Gringley 
1385, 15.1, Chris Michaelsen 
1386, 15.1, Marlene Voss 
1387, 15.0, Alice Herald 
1388, 15.0, Rejeanne Charron 
1389, 14.9, DeeDee Small 
1390, 14.8, Marie Cornell 
1391, 14.8, Laura Bastien 
1392, 14.7, Mikie Giusti 
1393, 14.6, Deb Mulka 
1394, 14.6, Jane OBrien 
1395, 14.5, Marybeth Ross 
1396, 14.5, Mannie DaPonte 
1397, 14.4, Lynda Brownlee 
1398, 14.3, Alice Birkhimer 
1399, 14.3, Connie Russell 
1400, 14.2, Brenda Roisen 
1401, 14.2, Kathleen Schulte 
1402, 14.1, Phyllis Workman 
1403, 14.0, Carol Nufer 
1404, 14.0, Carol M Nelson
1405, 13.9, Heather Murray 
1406, 13.8, Linda Bradley 
1407, 13.8, Shirley Giesbrecht 
1408, 13.7, Jane Saxton 
1409, 13.7, Carey Abraham 
1410, 13.6, Sue Collins 
1411, 13.5, Sue Lawson 
1412, 13.5, Carolyn Wood 
1413, 13.4, Lee Davis 
1414, 13.4, Robin Swan 
1415, 13.3, Jeanne Webb 
1416, 13.2, Patricia Pettenger 
1417, 13.2, Pamela Wright 
1418, 13.1, Sue Wilson 
1419, 13.1, Christiane Faucher 
1420, 13.0, Renata Maffeis 
1421, 12.9, Lisa Pack 
1422, 12.9, Catherine Leber 
1423, 12.8, Wendy Kramer 
1424, 12.7, Marianne Anderson 
1425, 12.7, Ellen Browne 
1426, 12.6, Christine Neil 
1427, 12.6, Cathy Bridenstine 
1428, 12.5, Sage Cox 
1429, 12.4, Eleanor Turke 
1430, 12.4, Donna Wasik 
1431, 12.3, Margie Francis 
1432, 12.3, Mj Hart 
1433, 12.2, Evelyn Cook 
1434, 12.1, Lorna Donatone 
1435, 12.1, Elena Tamayo 
1436, 12.0, Sue Critchlow 
1437, 11.9, Heather Harvey 
1438, 11.9, Charlotte Powell 
1439, 11.8, Linda Creutz 
1440, 11.8, Barbara Gardner 
1441, 11.7, Mary Ann Potter
1442, 11.6, Renee Stafford 
1443, 11.6, F\u00e1tima De Almeida
1444, 11.5, Linda Gervasio 
1445, 11.5, Isabella Tait 
1446, 11.4, Kristin Yettke 
1447, 11.3, Marguerite Cesarone 
1448, 11.3, Janice Occhiuto 
1449, 11.2, Eliana Griecco 
1450, 11.2, Terry Stevens 
1451, 11.1, Janet Ross 
1452, 11.0, Susanna Patterson 
1453, 11.0, Deanna Pichler 
1454, 10.9, Pixie Mumford 
1455, 10.8, Maryline Benard 
1456, 10.8, Lynn Touchton 
1457, 10.7, Donna Coleman 
1458, 10.7, Krystyne Hickman 
1459, 10.6, Pamela Maugeri-Wood 
1460, 10.5, Barb Dawson 
1461, 10.5, Sonya Burrill 
1462, 10.4, Deb Mayer 
1463, 10.4, Barbara Griffin 
1464, 10.3, Ruth Moulding 
1465, 10.2, Carolina Leite 
1466, 10.2, Nancy DiMarco 
1467, 10.1, Alison Wearden 
1468, 10.0, Michelle Graff 
1469, 10.0, Julie Walsh 
1470, 9.9, GereLu Gallagher 
1471, 9.9, Gisele Johnson 
1472, 9.8, Shelley Collins 
1473, 9.7, Lora Good 
1474, 9.7, Kim Porter 
1475, 9.6, Elaine Somers 
1476, 9.6, Joana Dark Oliveira
1477, 9.5, Nicki Meehan 
1478, 9.4, Fay Beeler 
1479, 9.4, Ann Heffel 
1480, 9.3, Debbie Fitzpatrick 
1481, 9.3, Sally Evans 
1482, 9.2, Ann Burnett 
1483, 9.1, Mary Gallagher 
1484, 9.1, Diana Abrams 
1485, 9.0, Ginny Walden 
1486, 8.9, Diane Rinck 
1487, 8.9, Joyce Nahorski 
1488, 8.8, Patti Volker 
1489, 8.8, Aniz Hooda 
1490, 8.7, Marcia Merrifield 
1491, 8.6, Judy Spain 
1492, 8.6, Liette Dennis 
1493, 8.5, Phylis Toole 
1494, 8.5, Nancy Hoshaw 
1495, 8.4, Gayle Milne 
1496, 8.3, Sue Hughes 
1497, 8.3, Paula Iracane 
1498, 8.2, Sushma Sztorc 
1499, 8.1, Sally Stoffel 
1500, 8.1, Kathy Shaw 
1501, 8.0, Anita Nali 
1502, 8.0, Sandra Buchanan 
1503, 7.9, Valerie Bechelli 
1504, 7.8, Mary Burke 
1505, 7.8, MaryAnn Dewing 
1506, 7.7, Yolanda Carrillo 
1507, 7.7, Sharon Baughman 
1508, 7.6, Judy McNeish 
1509, 7.5, Phyllis Campbell 
1510, 7.5, Annie Swiatlowski 
1511, 7.4, carole mulford 
1512, 7.4, Adina Norris 
1513, 7.3, Mary Ann Rainey
1514, 7.2, Cathy Burdge 
1515, 7.2, Anna Charrier 
1516, 7.1, Mary Jean Whitelaw
1517, 7.0, Lee Erickson 
1518, 7.0, Rhonda McLeod 
1519, 6.9, Carol Eathorne 
1520, 6.9, Theresa Johnson 
1521, 6.8, Kathleen Hook 
1522, 6.7, Beverly Wilson 
1523, 6.7, Barbara Danner 
1524, 6.6, Andrea Carter 
1525, 6.6, Kate Sheehan 
1526, 6.5, Tanya Longaker 
1527, 6.4, Judy Seabrook 
1528, 6.4, Patricia Ford 
1529, 6.3, Maureen Sapienza 
1530, 6.2, Nancy Lavin 
1531, 6.2, Karen Yaggie 
1532, 6.1, Rosemary Matossian 
1533, 6.1, Lynda Stewart 
1534, 6.0, Mary Klimack 
1535, 5.9, Judith Fitzpatrick 
1536, 5.9, Linda Hall 
1537, 5.8, Jacqueline Byrne 
1538, 5.8, Maria Kinga Bakk
1539, 5.7, Gloria Kiefer 
1540, 5.6, Judy Barrowes 
1541, 5.6, Laura Wells 
1542, 5.5, Candi Shafer 
1543, 5.5, Susan Ochoa 
1544, 5.4, Maiya Thomas 
1545, 5.3, Lynette Clark 
1546, 5.3, Kandy Sidanycz 
1547, 5.2, Barbara Helwig 
1548, 5.1, Sylvia Rochester 
1549, 5.1, Mahasin Saafir 
1550, 5.0, Linda Burns 
1551, 5.0, Jolene Schaeffer 
1552, 4.9, Teri Belcher 
1553, 4.8, Laura Burke 
1554, 4.8, Donna Mosher 
1555, 4.7, Nancy Birkett 
1556, 4.7, Carol Bautista 
1557, 4.6, Vicki Shepherd 
1558, 4.5, Robyn Herberte 
1559, 4.5, Becky Matt 
1560, 4.4, Jonnalen Sammis 
1561, 4.4, Linda Whitten 
1562, 4.3, Gisela Duran 
1563, 4.2, MaryAnn Losey 
1564, 4.2, Cindy Chapin 
1565, 4.1, Jeanette Binkley 
1566, 4.0, Kay Cato 
1567, 4.0, DeSales Lacy 
1568, 3.9, Sue Jocz 
1569, 3.9, Elaine Errigo-Gilyard 
1570, 3.8, Florence Shrock 
1571, 3.7, Dianne McGinnis 
1572, 3.7, Fatima DoVale 
1573, 3.6, Claudia Hernandez 
1574, 3.6, Caryn Martin 
1575, 3.5, Glenna Boshart 
1576, 3.4, Doreen Ottavinia 
1577, 3.4, Cate Reeves-Saunders 
1578, 3.3, Suzi Ensminger 
1579, 3.2, Bobbi Broemme 
1580, 3.2, Ladybug Oaks 
1581, 3.1, Dolores Ortiz 
1582, 3.1, Denise Rossi 
1583, 3.0, Jean McLevedge 
1584, 2.9, Robin Lawhon 
1585, 2.9, Kathy Freeman 
1586, 2.8, Norma Merlos 
1587, 2.8, Gail Clymer 
1588, 2.7, Bernice Martin 
1589, 2.6, Mary Claire Friesema
1590, 2.6, Sue Underdown 
1591, 2.5, Elizabeth Jennings 
1592, 2.5, Christiane Gibily 
1593, 2.4, Judy Gay 
1594, 2.3, Yvonne Morier 
1595, 2.3, Julie Hedeen 
1596, 2.2, Jennifer Lundin 
1597, 2.1, Lucy Lappegaard 
1598, 2.1, Marilyn Egan-Bokor 
1599, 2.0, Becky Johnsen 
1600, 2.0, Linda Sault 
1601, 1.9, Denise Labs 
1602, 1.8, Cindy Beauchamp 
1603, 1.8, Marcia Werner 
1604, 1.7, AnaMaria Santiago 
1605, 1.7, Trisha Buckley 
1606, 1.6, Juliana Kierstein 
1607, 1.5, Penni Esswein 
1608, 1.5, Kayla Raley 
1609, 1.4, Kathleen Huff 
1610, 1.3, Elsbeth Hannon 
1611, 1.3, Catherine Rego 
1612, 1.2, Barbara Waters 
1613, 1.2, MamaCindy Buehling 
1614, 1.1, Ruthie Carpenter 
1615, 1.0, Patty Moran 
1616, 1.0, Alejandra Ruiz 
1617, 0.9, Kathleen O'Dea 
1618, 0.9, Brigette Foti 
1619, 0.8, Sally Hansen 
1620, 0.7, Laurie Clothier 
1621, 0.7, Linda Fuller 
1622, 0.6, Sylvia Lazo 
1623, 0.6, Susan Young 
1624, 0.5, Margaret Bullock 
1625, 0.4, Rebecca Kirschmann 
1626, 0.4, Connie Regan-Blake 
1627, 0.3, Mary Lou Hill
1628, 0.2, Helena Gilbert 
1629, 0.2, Betsy Youngsma 
1630, 0.1, Anna Young 
1631, 0.1, Selma Elstun 
1632, 0.0, Peggy Petkas 
